corp_empl,description_corps_empl,categorie,corps_emploi
0105,Commissaire,Services administratifs et indirecte,
0106,Représ. Parents,Services administratifs et indirecte,
0107,Étudiant activité sport.,Soutien direct,
0109,Membre du CA,Services administratifs et indirecte,
0110,Tuteur,Soutien direct,
0505,Louage de services n/a,Services administratifs et indirecte,
1000,Directeur général,Services administratifs et indirecte,Gestionnaire
1001,Directeur général adjoint,Services administratifs et indirecte,Gestionnaire
1030,ÉP-Directeur général,Services administratifs et indirecte,Gestionnaire
1031,ÉP-Directeur gén.adjoint,Services administratifs et indirecte,Gestionnaire
1101,Directeur général,Services administratifs et indirecte,Gestionnaire
1102,Directeur général adjoint,Services administratifs et indirecte,Gestionnaire
1103,N/A Cons. cadre  dir gén,Services administratifs et indirecte,Gestionnaire
1111,Dir. services éducatifs,Services administratifs et indirecte,Gestionnaire
1112,Dir. des services des RH,Services administratifs et indirecte,Gestionnaire
1113,Dir. des services autres,Services administratifs et indirecte,Gestionnaire
1114,Dir. des services,Services administratifs et indirecte,Gestionnaire
1130,Dir. centre éduc. adultes,Services administratifs et indirecte,Gestionnaire
1135,Dir. serv. éduc. adultes,Services administratifs et indirecte,Gestionnaire
1140,Dir. centre form. prof.,Services administratifs et indirecte,Gestionnaire
1141,ÉP-Dir.services éducatifs,Services administratifs et indirecte,Gestionnaire
1142,ÉP-Dir. services des RH,Services administratifs et indirecte,Gestionnaire
1143,ÉP-Dir. services autres,Services administratifs et indirecte,Gestionnaire
1144,ÉP-Dir. des services,Services administratifs et indirecte,Gestionnaire
1145,Dir. serv. form. prof.,Services administratifs et indirecte,Gestionnaire
1150,Dir. d'école primaire,Professionnels direct,Gestionnaire
1155,Dir. d'école secondaire,Professionnels direct,Gestionnaire
1160,ÉP-Dir.centre édu.adultes,Professionnels direct,Gestionnaire
1165,ÉP-Dir.serv.éduc. adultes,Professionnels direct,Gestionnaire
1170,ÉP-Dir. centre form. prof,Professionnels direct,Gestionnaire
1175,ÉP-Dir. serv. form. prof.,Professionnels direct,Gestionnaire
1180,ÉP-Dir. d'école primaire,Professionnels direct,Gestionnaire
1185,ÉP-Dir.d'école secondaire,Professionnels direct,Gestionnaire
1190,ÉP-Dir. école spécialisée,Professionnels direct,Gestionnaire
1201,Dir. serv. enseignement,Professionnels direct,Gestionnaire
1202,Dir. serv. enseig. prim.,Professionnels direct,Gestionnaire
1203,Dir. serv. enseig. sec.,Professionnels direct,Gestionnaire
1204,Dir. serv. aux étudiants,Professionnels direct,Gestionnaire
1205,Dir. serv. financier,Services administratifs et indirecte,Gestionnaire
1206,Dir. serv. équipement,Services administratifs et indirecte,Gestionnaire
1207,Dir. serv. personnel,Services administratifs et indirecte,Gestionnaire
1208,Secrétaire général,Services administratifs et indirecte,Gestionnaire
1209,Dir. adjoint des services,Services administratifs et indirecte,Gestionnaire
1210,Dir. de  zones,Services administratifs et indirecte,Gestionnaire
1211,Dir. adjoint serv. éduc.,Services administratifs et indirecte,Gestionnaire
1212,Dir. adjoint services RH,Services administratifs et indirecte,Gestionnaire
1213,Dir. adjoint serv. autres,Services administratifs et indirecte,Gestionnaire
1214,Secrétaire général,Services administratifs et indirecte,Gestionnaire
1230,Dir.adj.centre éduc.adul.,Services administratifs et indirecte,Gestionnaire
1231,Dir. adj. serv.équipement,Services administratifs et indirecte,Gestionnaire
1232,Dir. adj. serv. ens.,Services administratifs et indirecte,Gestionnaire
1233,Dir.adj. serv. financiers,Services administratifs et indirecte,Gestionnaire
1236,Dir. adj. serv. tech. inf,Services administratifs et indirecte,Gestionnaire
1239,ÉP-Dir. adj. des services,Services administratifs et indirecte,Gestionnaire
1240,Dir.adj.centre form.prof.,Professionnels direct,Gestionnaire
1241,ÉP-Dir.adjoint serv.éduc.,Professionnels direct,Gestionnaire
1242,ÉP-Dir. adj. services RH,Services administratifs et indirecte,Gestionnaire
1243,ÉP-Dir. adj. serv. autres,Services administratifs et indirecte,Gestionnaire
1244,ÉP-Secrétaire général,Services administratifs et indirecte,Gestionnaire
1250,Dir.adj.d'école primaire,Professionnels direct,Gestionnaire
1255,Dir.ad.d'école secondaire,Professionnels direct,Gestionnaire
1260,ÉP-Dir.adj.cen.éduc.adul.,Professionnels direct,Gestionnaire
1270,ÉP-Dir.adj.cen.form.prof.,Professionnels direct,Gestionnaire
1280,ÉP-Dir.adj.école primaire,Professionnels direct,Gestionnaire
1285,ÉP-Dir. ad. école second.,Professionnels direct,Gestionnaire
1301,Coord. ens. général,Services administratifs et indirecte,Gestionnaire
1302,Coord. ens. professionel,Services administratifs et indirecte,Gestionnaire
1303,Coord. ens. primaire,Services administratifs et indirecte,Gestionnaire
1304,Coord. adapt. scolaire,Services administratifs et indirecte,Gestionnaire
1305,Coord. mesure et évaluat.,Services administratifs et indirecte,Gestionnaire
1306,Coord. moyens enseig. A,Services administratifs et indirecte,Gestionnaire
1307,Coord. moyens enseig. B,Services administratifs et indirecte,Gestionnaire
1308,Coord. serv. personnel,Services administratifs et indirecte,Gestionnaire
1309,Coord. serv. financiers,Services administratifs et indirecte,Gestionnaire
1310,Coord. serv. équipement,Services administratifs et indirecte,Gestionnaire
1311,Coordon. des serv. éduc.,Services administratifs et indirecte,Gestionnaire
1312,Coordon. des services RH,Services administratifs et indirecte,Gestionnaire
1313,Coordon. des serv. autres,Services administratifs et indirecte,Gestionnaire
1314,Coord.serv. aux étudiants,Services administratifs et indirecte,Gestionnaire
1315,Coord. serv. transport,Services administratifs et indirecte,Gestionnaire
1316,Cons. gest. de personnel,Services administratifs et indirecte,Gestionnaire
1326,Coordon. des services,Services administratifs et indirecte,Gestionnaire
1335,Coord.des serv.éduc.adul.,Services administratifs et indirecte,Gestionnaire
1341,ÉP-Coord. des serv. éduc.,Services administratifs et indirecte,Gestionnaire
1342,ÉP-Coord. des services RH,Services administratifs et indirecte,Gestionnaire
1343,ÉP-Coord. des serv.autres,Services administratifs et indirecte,Gestionnaire
1345,Coord.des serv.form.prof.,Services administratifs et indirecte,Gestionnaire
1356,ÉP-Coordon. des services,Services administratifs et indirecte,Gestionnaire
1360,ÉP-Coord.serv.éduc.adul.,Services administratifs et indirecte,Gestionnaire
1365,ÉP-Dir.adj.serv.éduc.adul,Services administratifs et indirecte,Gestionnaire
1370,ÉP-Coord. serv.form.prof.,Services administratifs et indirecte,Gestionnaire
1375,ÉP-Dir.adj.serv.form.prof,Services administratifs et indirecte,Gestionnaire
1400,Cons. direction générale,Services administratifs et indirecte,Gestionnaire
1401,Dir. serv. éduc. adultes,Services administratifs et indirecte,Gestionnaire
1402,Dir. centre éduc. adul.,Professionnels direct,Gestionnaire
1403,Dir. ad. centre éd. adul.,Professionnels direct,Gestionnaire
1404,Coord. serv. éd. adul.,Services administratifs et indirecte,Gestionnaire
1406,Coord.form.pr.j/a,Services administratifs et indirecte,Gestionnaire
1412,Cons.gestion de personnel,Services administratifs et indirecte,Gestionnaire
1430,ÉP-Cons. direc. Générale,Services administratifs et indirecte,Gestionnaire
1442,ÉP-Cons.gestion personnel,Services administratifs et indirecte,Gestionnaire
1501,Dir. d'école primaire,Professionnels direct,Gestionnaire
1502,Dir. d'école secondaire,Professionnels direct,Gestionnaire
1503,Dir. adj. d'éc. primaire,Professionnels direct,Gestionnaire
1504,Dir. adj. d'éc. sec.,Professionnels direct,Gestionnaire
1505,Dir. adj. d'éc. sec. DA1,Professionnels direct,Gestionnaire
1506,Dir. adj. d'éc. sec. DA2,Professionnels direct,Gestionnaire
1507,Dir. d'école spécialisée,Professionnels direct,Gestionnaire
1520,Régisseur de services,Services administratifs et indirecte,Gestionnaire
1550,ÉP-Régisseur de services,Services administratifs et indirecte,Gestionnaire
1601,Régiss. serv. équipement,Services administratifs et indirecte,Gestionnaire
1602,Régiss. serv. transport,Services administratifs et indirecte,Gestionnaire
1603,Adj. adm. d'école,Services administratifs et indirecte,Gestionnaire
1604,Régiss. serv. d'entretien,Services administratifs et indirecte,Gestionnaire
1605,Régiss. serv. approv.,Services administratifs et indirecte,Gestionnaire
1606,Régiss. serv. alimentaire,Services administratifs et indirecte,Gestionnaire
1607,Régiss. serv. communaut.,Services administratifs et indirecte,Gestionnaire
1608,Rég. adj. serv. ad trans.,Services administratifs et indirecte,Gestionnaire
1609,Contrem. entretien spéc.,Services administratifs et indirecte,Gestionnaire
1610,Contrem entretien gén.,Services administratifs et indirecte,Gestionnaire
1612,Agent d'administration,Services administratifs et indirecte,Gestionnaire
1613,Chef de secrétariat,Services administratifs et indirecte,Gestionnaire
1617,Régiss. serv. administrat,Services administratifs et indirecte,Gestionnaire
1621,Adj.régis.transport scol.,Services administratifs et indirecte,Gestionnaire
1651,ÉP-Adj.régis.transp.scol.,Services administratifs et indirecte,Gestionnaire
1701,Dir. Serv. Form. Prof.,Services administratifs et indirecte,Gestionnaire
1702,Dir. Centre Form. Prof.,Services administratifs et indirecte,Gestionnaire
1703,Dir- adj. Centre For.Prof,Services administratifs et indirecte,Gestionnaire
1704,Coord. Serv. Form. Prof.,Services administratifs et indirecte,Gestionnaire
1722,Resp. gestion adm.,Services administratifs et indirecte,Gestionnaire
1752,ÉP-Resp. gestion adm.,Services administratifs et indirecte,Gestionnaire
1810,Adjoint adm. de services,Services administratifs et indirecte,Gestionnaire
1811,Adjoint adm. de services,Services administratifs et indirecte,Gestionnaire
1820,ÉP-Adj. adm. de services,Services administratifs et indirecte,Gestionnaire
1830,Gestionnaire (CEA),Services administratifs et indirecte,Gestionnaire
1840,Gestionnaire (CFP),Services administratifs et indirecte,Gestionnaire
1850,Gestionnaire(école prim.),Services administratifs et indirecte,Gestionnaire
1855,Gestionnaire(école sec.),Services administratifs et indirecte,Gestionnaire
1860,ÉP-Gest.(CEA) éval part.,Services administratifs et indirecte,Gestionnaire
1870,ÉP-Gest.(CFP) éval part.,Services administratifs et indirecte,Gestionnaire
1880,ÉP-Gest(école prim),Services administratifs et indirecte,Gestionnaire
1885,ÉP-Gest(école sec.),Services administratifs et indirecte,Gestionnaire
1923,Contremaître d'ent. spéc.,Services administratifs et indirecte,Gestionnaire
1924,Contremaître d'ent. gén.,Services administratifs et indirecte,Gestionnaire
1926,Chef de secrétariat,Services administratifs et indirecte,Gestionnaire
1927,Contremaître,Services administratifs et indirecte,Gestionnaire
1953,ÉP-Contremaître ent.spéc.,Services administratifs et indirecte,Gestionnaire
1954,ÉP-Contremaître ent. gén.,Services administratifs et indirecte,Gestionnaire
1956,ÉP-Chef de secrétariat,Services administratifs et indirecte,Gestionnaire
1957,ÉP-Contremaître,Services administratifs et indirecte,Gestionnaire
2000,Professionnel,Professionnels direct,Professionnel
2102,Bibliothécaire,Professionnels direct,Professionnel
2103,Conseil. mesure & éval.,Professionnels direct,Professionnel
2104,Conseiller pédagogique,Professionnels direct,Professionnel
2105,Spéc. moy.&tech. d'ens.,Professionnels direct,Professionnel
2106,Agent de réadaptation,Professionnels direct,Professionnel
2107,Anim. de vie étudiante,Soutien direct,Professionnel
2108,Anim. de pastorale,Soutien direct,Professionnel
2109,Cons. orientation,Soutien direct,Professionnel
2110,Conseil. éduc. chrétienne,Soutien direct,Professionnel
2111,Travailleur(se) social,Soutien direct,Professionnel
2112,Orthophoniste/Audiologist,Professionnels direct,Professionnel
2113,Psychologue,Professionnels direct,Professionnel
2114,Cons. inf. scol. et prof.,Soutien direct,Professionnel
2115,Diétététiste ou nutritio.,Professionnels direct,Professionnel
2116,Ergothérapeute,Professionnels direct,Professionnel
2117,n/aAgentgestion personnel,Services administratifs et indirecte,Professionnel
2118,Agent gestion financière,Services administratifs et indirecte,Professionnel
2119,Cons. en communication,Services administratifs et indirecte,Professionnel
2120,Analyste,Services administratifs et indirecte,Professionnel
2121,Attaché d'administration,Services administratifs et indirecte,Professionnel
2122,Ingénieur,Services administratifs et indirecte,Professionnel
2123,Orthopédagogue,Professionnels direct,Professionnel
2136,n/aCons.ens.rel. et moral,Soutien direct,Professionnel
2137,n/a Aumônier,Services administratifs et indirecte,Professionnel
2140,Traducteur,Soutien direct,Professionnel
2141,Anim. dév. pers. & comm.,Soutien direct,Professionnel
2142,Conseil. dév. pers.& com.,Soutien direct,Professionnel
2143,Agent(e) de développement,Services administratifs et indirecte,Professionnel
2144,Avocat,Services administratifs et indirecte,Professionnel
2146,Traducteur(rice) agréée,Soutien direct,Professionnel
2147,Cons. à l'éducation présc,Soutien direct,Professionnel
2148,Architecte,Services administratifs et indirecte,Professionnel
2150,psychoéducateur(rice),Professionnels direct,Professionnel
2151,Agent réadaptation fonct.,Soutien direct,Professionnel
2152,Agent(e) corr. lang. aud.,Soutien direct,Professionnel
2153,cons. en formation scol.,Soutien direct,Professionnel
2154,cons. en rééducation,Soutien direct,Professionnel
2155,cons. en alimentation,Soutien direct,Professionnel
2156,Analyste TI spécialisé(e),Services administratifs et indirecte,Professionnel
2157,Conseiller(ère) res. mat.,Services administratifs et indirecte,Professionnel
2198,Autre prof. non enseig.,Services administratifs et indirecte,Professionnel
2999,PNE création pour Web,Services administratifs et indirecte,
3000,Enseignant,Enseignants,Enseignant
3001,Contexte particulier ens.,Enseignants,Enseignant
3101,Diff. ad.app. pré.pri.sec,Enseignants,Enseignant
3102,Ens. du pré-scolaire,Enseignants,Enseignant
3103,Ens. du primaire,Enseignants,Enseignant
3104,Spéc. angl. au primaire,Enseignants,Enseignant
3105,Spéc. éduc. pré. et prim.,Enseignants,Enseignant
3106,Spéc. musique pré et prim,Enseignants,Enseignant
3107,Spéc. arts plast. pré/pri,Enseignants,Enseignant
3108,Form. gén. angl. sec.,Enseignants,Enseignant
3109,F.g. éduc. & santé secon.,Enseignants,Enseignant
3110,Form. gén. musique sec.,Enseignants,Enseignant
3111,Form. gén. arts pla. sec.,Enseignants,Enseignant
3112,Form. gén. franc. sec.,Enseignants,Enseignant
3113,Form. gén. math /sc. sec.,Enseignants,Enseignant
3114,Frm. gn. mo.rel.per. sec.,Enseignants,Enseignant
3115,n/aFrm. gn. éc/sc fam sec,Enseignants,Enseignant
3116,Frm. gn. in.tch/trav sec.,Enseignants,Enseignant
3117,Frm. gn. sc.hum/v.éc sec.,Enseignants,Enseignant
3118,Ens. informatique,Enseignants,Enseignant
3119,Form gén. autre 3108/3118,Enseignants,Enseignant
3120,Classe accueil immigrants,Enseignants,Enseignant
3121,Suppléance régulière,Enseignants,Enseignant
3122,Frm générale en danse,Enseignants,Enseignant
3124,Services santé,Enseignants,Enseignant
3125,Prof. meub. const.,Enseignants,Enseignant
3126,Prof. électrotech.,Enseignants,Enseignant
3127,Prof. Hydrothermie,Enseignants,Enseignant
3128,Prof. dessin techn.,Enseignants,Enseignant
3129,Prof. équip. motor.,Enseignants,Enseignant
3130,Prof. mécanique,Enseignants,Enseignant
3131,Prof. alimentation,Enseignants,Enseignant
3132,Spécialiste ArtDramatique,Enseignants,Enseignant
3133,Prof. couture hab.,Enseignants,Enseignant
3136,Prof. imprimerie,Enseignants,Enseignant
3138,suppléance régul.,Enseignants,Enseignant
3139,Enseignant retraité FGJ,Enseignants,Enseignant
3140,Orthopédagogue primaire,Enseignants,Enseignant
3141,Ens. ressource secondaire,Enseignants,Enseignant
3143,Enseignant(e) mentor,Enseignants,Enseignant
3151,Frm prf adm. comm. et inf,Enseignants,Enseignant
3152,Frm prf agriculture,Enseignants,Enseignant
3153,F.p.  foresterie & papier,Enseignants,Enseignant
3154,F.p. mines & trav. chant.,Enseignants,Enseignant
3155,Frm prf pêches,Enseignants,Enseignant
3156,F.p.  santé,Enseignants,Enseignant
3157,Frm prf bois et matériaux,Enseignants,Enseignant
3158,F.p. bâtiment & infrastr.,Enseignants,Enseignant
3159,Frm prf électricité,Enseignants,Enseignant
3160,F.p. électrotechnique,Enseignants,Enseignant
3161,Frm prf méc. bâtiment,Enseignants,Enseignant
3162,Frm prf métallurgie,Enseignants,Enseignant
3163,F.p. chimie & biologie,Enseignants,Enseignant
3164,F.p. travaux techniques,Enseignants,Enseignant
3165,Frm prf équipem. motorisé,Enseignants,Enseignant
3166,Frm prf transport,Enseignants,Enseignant
3167,N/A Frm prf fabric. mécan,Enseignants,Enseignant
3168,F.p. méc. d'entretien,Enseignants,Enseignant
3169,F.p. aliment. & tourisme,Enseignants,Enseignant
3170,Frm prf soins esthétiques,Enseignants,Enseignant
3171,Frm prf coiffure,Enseignants,Enseignant
3172,F.p. cuir textile & habil,Enseignants,Enseignant
3173,N/AFrm prf protect.civile,Enseignants,Enseignant
3174,F.p. arts,Enseignants,Enseignant
3175,F.p. communic. & docum.,Enseignants,Enseignant
3176,Frm prf op. machn. lourde,Enseignants,Enseignant
3177,Frm prf méc. véhi. lourds,Enseignants,Enseignant
3178,F.p. montage de lignes él,Enseignants,Enseignant
3179,F.p. conduite de camions,Enseignants,Enseignant
3180,F.p. envir.&amén. territ.,Enseignants,Enseignant
3181,F.p. production,Enseignants,Enseignant
3182,F.p. services techniques,Enseignants,Enseignant
3183,N/A F.p.serv.soc edu jur.,Enseignants,Enseignant
3192,Suppl retraité FP-Sect FR,Enseignants,Enseignant
3197,Autres form. prof. non cl,Enseignants,Enseignant
3198,Autres enseignants,Enseignants,Enseignant
3201,Suppléant,Enseignants,Enseignant
3202,Ens. à la leçon,Enseignants,Enseignant
3203,Suppléant irrég sect angl,Enseignants,Enseignant
3204,Suppléant retraité,Enseignants,Enseignant
3301,Élèves HDAA présc pri sec,Enseignants,Enseignant
3302,Cl éduc préscol autre imm,Enseignants,Enseignant
3303,Spéc. franç. incl. cl imm,Enseignants,Enseignant
3304,Spéc édu phy pri fr g sec,Enseignants,Enseignant
3305,Spéc musique pri fr g sec,Enseignants,Enseignant
3306,Spéc art plast pr fr g se,Enseignants,Enseignant
3307,Primaire autre,Enseignants,Enseignant
3308,Frm gén angl. l d'ens sec,Enseignants,Enseignant
3309,Frm gén sciences sec,Enseignants,Enseignant
3310,Frm gén  mathématique sec,Enseignants,Enseignant
3311,Frm gén rel mor fr pe sec,Enseignants,Enseignant
3312,Frm gén sc familiale sec,Enseignants,Enseignant
3313,Frm gén init tec éduc car,Enseignants,Enseignant
3314,Frm gén sc ho vie éco sec,Enseignants,Enseignant
3315,Frm gén sc informati. sec,Enseignants,Enseignant
3316,Frm gén langues,Enseignants,Enseignant
3317,Suppl régul. éduc préscol,Enseignants,Enseignant
3351,Frm prf  administration,Enseignants,Enseignant
3352,Frm prf agro-technique,Enseignants,Enseignant
3353,Frm prf forest. sci. pa.,Enseignants,Enseignant
3354,Frm prf tra. génie +mines,Enseignants,Enseignant
3355,Frm prf pêches,Enseignants,Enseignant
3356,Frm prf santé + serv soc,Enseignants,Enseignant
3357,Frm prf bois matér. con.,Enseignants,Enseignant
3358,Frm prf construction,Enseignants,Enseignant
3359,Frm prf électricité,Enseignants,Enseignant
3360,Frm prf électronique,Enseignants,Enseignant
3361,Frm prf mécan. bâtiment,Enseignants,Enseignant
3362,Frm prf métallurgie,Enseignants,Enseignant
3363,Frm prf chimie appl. env.,Enseignants,Enseignant
3364,Frm prf  dessin technique,Enseignants,Enseignant
3365,Frm prf  équip. motorisé,Enseignants,Enseignant
3366,Frm prf  transport,Enseignants,Enseignant
3367,Frm prf  fabric. mécan.,Enseignants,Enseignant
3368,Frm prf  mécan. entr. ind,Enseignants,Enseignant
3369,Frm prf  alim. hôt. rest.,Enseignants,Enseignant
3370,Frm prf soins esthétiques,Enseignants,Enseignant
3371,Frm prf coiffure,Enseignants,Enseignant
3372,Frm prf prod. tex. habi.,Enseignants,Enseignant
3373,Frm prf protect. civile,Enseignants,Enseignant
3374,Frm prf arts appliqués,Enseignants,Enseignant
3375,Frm prf imprimerie,Enseignants,Enseignant
3376,Frm prf op.machine lou.,Enseignants,Enseignant
3377,Frm prf méc. machine lou.,Enseignants,Enseignant
3378,Frm prf montage de ligne,Enseignants,Enseignant
3379,Frm prf conduite véhi. l,Enseignants,Enseignant
3380,Suppléant retraité FP,Enseignants,Enseignant
3397,Autres spéc. prof. non cl,Enseignants,Enseignant
3398,Autre personnel ens.,Enseignants,Enseignant
3401,Élèves HDAA présc pri sec,Enseignants,Enseignant
3402,Préscolaire autre,Enseignants,Enseignant
3403,Primaire autre,Enseignants,Enseignant
3404,Spéc. langue seconde prim,Enseignants,Enseignant
3405,Spéc. éduc. phys. mat pri,Enseignants,Enseignant
3406,Spéc. musique mat pri,Enseignants,Enseignant
3407,Spéc. arts plast. mat pri,Enseignants,Enseignant
3408,Frm gén langue seconde,Enseignants,Enseignant
3409,Frm gén éduc. phys. sec,Enseignants,Enseignant
3410,Frm gén musique sec,Enseignants,Enseignant
3411,Frm gén arts plast. sec,Enseignants,Enseignant
3412,Frm gén f l d'ens a.s.a.,Enseignants,Enseignant
3413,Frm gén math science sec,Enseignants,Enseignant
3414,Frm gén rel mor f. pe sec,Enseignants,Enseignant
3415,Frm gén éco.fam.sc fam se,Enseignants,Enseignant
3416,N/A Frmgénin.tecéd.carsec,Enseignants,Enseignant
3417,Frm gén sc hom vie éco se,Enseignants,Enseignant
3418,Informatique sec,Enseignants,Enseignant
3419,Frm gén autre sec,Enseignants,Enseignant
3420,Cl. acc. sout ling immigr,Enseignants,Enseignant
3421,Suppléance régulière,Enseignants,Enseignant
3443,Enseignant(e) mentor,Enseignants,Enseignant
3451,Frm prf administration,Enseignants,Enseignant
3452,Frm prf agro-technique,Enseignants,Enseignant
3453,Frm prf forest. sci. pa.,Enseignants,Enseignant
3454,Frm prf tra. génie +mines,Enseignants,Enseignant
3455,Frm prf pêches,Enseignants,Enseignant
3456,Frm prf santé + serv soc,Enseignants,Enseignant
3457,Frm prf bois matér. con.,Enseignants,Enseignant
3458,Frm prf construction,Enseignants,Enseignant
3459,Frm prf électricité,Enseignants,Enseignant
3460,Frm prf électronique,Enseignants,Enseignant
3461,Frm prf mécan. bâtiment,Enseignants,Enseignant
3462,Frm prf métallurgie,Enseignants,Enseignant
3463,Frm prf chimie appl. env.,Enseignants,Enseignant
3464,Frm prf  dessin technique,Enseignants,Enseignant
3465,Frm prf  équip. motorisé,Enseignants,Enseignant
3466,Frm prf  transport,Enseignants,Enseignant
3467,N/AFrm prf fabric. mécan.,Enseignants,Enseignant
3468,Frm prf  mécan. entr. ind,Enseignants,Enseignant
3469,Frm prf  alim. hôt. rest.,Enseignants,Enseignant
3470,Frm prf soins esthétiques,Enseignants,Enseignant
3471,Frm prf coiffure,Enseignants,Enseignant
3472,Frm prf prod. tex. habi.,Enseignants,Enseignant
3473,N/AFrm prf protect.civile,Enseignants,Enseignant
3474,Frm prf arts appliqués,Enseignants,Enseignant
3475,Frm prf imprimerie,Enseignants,Enseignant
3476,N/AFrm prf op.mach. lou.,Enseignants,Enseignant
3477,Frm prf méc. machine lou.,Enseignants,Enseignant
3478,Frm prf montage de ligne,Enseignants,Enseignant
3479,Frm prf conduite véhi. l,Enseignants,Enseignant
3480,F.p. envir.&amén. territ.,Enseignants,Enseignant
3481,F.p. production,Enseignants,Enseignant
3482,F.p. services techniques,Enseignants,Enseignant
3483,N/A F.p.serv.soc.edu&jur.,Enseignants,Enseignant
3492,Suppl retraité FP-Sect AN,Enseignants,Enseignant
3497,Autres spéc. prof. non cl,Enseignants,Enseignant
3498,Autre personnel ens.,Enseignants,Enseignant
3500,Ens. éduc. adulte et prof,Enseignants,Enseignant
3502,A-Arts,Enseignants,Enseignant
3503,A-Dévelop perso et social,Enseignants,Enseignant
3504,A-Éducation physique,Enseignants,Enseignant
3505,A-Intégration sociale,Enseignants,Enseignant
3506,A-Intégration socioprofes,Enseignants,Enseignant
3508,N/ALang. second : fr. an.,Enseignants,Enseignant
3509,A-Langue Francisation,Enseignants,Enseignant
3510,A-Langue enseig. Anglais,Enseignants,Enseignant
3511,A-Langue enseig. Français,Enseignants,Enseignant
3512,N/ALang. mate.:fr.an.ink,Enseignants,Enseignant
3513,A-Mathé. et Sciences,Enseignants,Enseignant
3514,N/ARel morale form. pers,Enseignants,Enseignant
3515,A-Langue enseig. présecon,Enseignants,Enseignant
3516,A-Langue enseig Inuk Crie,Enseignants,Enseignant
3517,N/ASciences humaines,Enseignants,Enseignant
3518,A-Informatique,Enseignants,Enseignant
3519,A-Langue seconde Anglais,Enseignants,Enseignant
3520,A-Langue seconde Francais,Enseignants,Enseignant
3521,A-Langue étrangère,Enseignants,Enseignant
3522,A-Mathématiques,Enseignants,Enseignant
3523,A-Sciences BIO CHI PHY SC,Enseignants,Enseignant
3524,Sciences et tech. - Autre,Enseignants,Enseignant
3525,Univers social - Histoire,Enseignants,Enseignant
3526,Univers social - Autre,Enseignants,Enseignant
3527,A-Sout péd Entrée formati,Enseignants,Enseignant
3533,A-Formation de base commu,Enseignants,Enseignant
3535,A-Présecondaire,Enseignants,Enseignant
3536,A-Présecondaire/Alphabéti,Enseignants,Enseignant
3537,Supp Retraité FGA,Enseignants,Enseignant
3540,A-Alphabétisation,Enseignants,Enseignant
3541,N/AInsert. à la vie comm.,Enseignants,Enseignant
3542,N/Aut. form. géné. non cl,Enseignants,Enseignant
3551,Frm prf  administration,Enseignants,Enseignant
3552,Frm prf agro-technique,Enseignants,Enseignant
3553,Frm prf forest. sci. pa.,Enseignants,Enseignant
3554,Frm prf tra. génie +mines,Enseignants,Enseignant
3555,Frm prf pêches,Enseignants,Enseignant
3556,Frm prf santé + serv soc,Enseignants,Enseignant
3557,Frm prf bois matér. con.,Enseignants,Enseignant
3558,Frm prf construction,Enseignants,Enseignant
3559,Frm prf électricité,Enseignants,Enseignant
3560,Frm prf électronique,Enseignants,Enseignant
3561,Frm prf mécan. bâtiment,Enseignants,Enseignant
3562,Frm prf métallurgie,Enseignants,Enseignant
3563,Frm prf chimie appl. env.,Enseignants,Enseignant
3564,Frm prf  dessin technique,Enseignants,Enseignant
3565,Frm prf  équip. motorisé,Enseignants,Enseignant
3566,Frm prf  transport,Enseignants,Enseignant
3567,Frm prf  fabric. mécan.,Enseignants,Enseignant
3568,Frm prf  mécan. entr. ind,Enseignants,Enseignant
3569,Frm prf  alim. hôt. rest.,Enseignants,Enseignant
3570,Frm prf soins esthétiques,Enseignants,Enseignant
3571,Frm prf coiffure,Enseignants,Enseignant
3572,Frm prf prod. tex. habi.,Enseignants,Enseignant
3573,Frm prf protect. civile,Enseignants,Enseignant
3574,Frm prf arts appliqués,Enseignants,Enseignant
3575,Frm prf imprimerie,Enseignants,Enseignant
3576,Frm prf op.machine lou.,Enseignants,Enseignant
3577,Frm prf méc. machine lou.,Enseignants,Enseignant
3578,Frm prf montage de ligne,Enseignants,Enseignant
3579,Frm prf conduite véhi. l,Enseignants,Enseignant
3592,Suppléance retraités FGA,Enseignants,Enseignant
3596,Formation base entreprise,Enseignants,Enseignant
3597,A-Adaptation scolaire I,Enseignants,Enseignant
3598,A-Adaptation scolaire II,Enseignants,Enseignant
3599,Education populaire,Enseignants,Enseignant
3602,Ens.  maternelle,Enseignants,Enseignant
3603,Tit. Crie angl franç pri,Enseignants,Enseignant
3605,Éducation phys pri + sec,Enseignants,Enseignant
3609,Éducation physique sec,Enseignants,Enseignant
3619,Cult. crie p et s g et f,Enseignants,Enseignant
3639,Ens. gén. sec,Enseignants,Enseignant
3702,Ens. maternelle,Enseignants,Enseignant
3703,Tit. inuk.angl.franç. pri,Enseignants,Enseignant
3705,Éducation phys  pri + sec,Enseignants,Enseignant
3709,Éducation physique sec,Enseignants,Enseignant
3719,Cult.inuit sec ga fi l in,Enseignants,Enseignant
3739,Éns. sec général,Enseignants,Enseignant
3999,Ens création pour Web,Enseignants,
4000,Soutien,Services administratifs et indirecte,
4101,Ag. de bureau cl.princ.,Services administratifs et indirecte,Soutien administratif
4102,Ag. de bureau classe I,Services administratifs et indirecte,Soutien administratif
4103,Ag. de bureau classe II,Services administratifs et indirecte,Soutien administratif
4104,Auxil. en informatique,Services administratifs et indirecte,Paratechnique
4105,Auxil. inform. cl princ.,Services administratifs et indirecte,Paratechnique
4107,Acheteur,Services administratifs et indirecte,Soutien administratif
4108,Magasinier cl. princ.,Services administratifs et indirecte,Paratechnique
4109,Magasinier classe I,Services administratifs et indirecte,Paratechnique
4110,Magasinier classe II,Services administratifs et indirecte,Paratechnique
4111,Secrétaire de gestion,Services administratifs et indirecte,Soutien administratif
4113,Secrétaire,Services administratifs et indirecte,Soutien administratif
4114,Auxiliaire de bureau,Services administratifs et indirecte,Soutien administratif
4115,Téléphoniste,Services administratifs et indirecte,Soutien administratif
4116,Secrétaire école/centre,Services administratifs et indirecte,Soutien administratif
4117,Opér. repro. cl. princ.,Services administratifs et indirecte,Paratechnique
4118,Opér. en reprographie,Services administratifs et indirecte,Paratechnique
4198,Autre soutien administr.,Services administratifs et indirecte,Soutien administratif
4199,Autre soutien élection,Services administratifs et indirecte,Soutien administratif
4201,Opér. inform. cl. princ.,Services administratifs et indirecte,Paratechnique
4202,Opér. inform. classe I,Services administratifs et indirecte,Paratechnique
4203,Opér. inform. classe II,Services administratifs et indirecte,Paratechnique
4204,Techn. en informatique,Services administratifs et indirecte,Technique
4205,Techn. en documentation,Services administratifs et indirecte,Technique
4206,Infirmier(ère),Services administratifs et indirecte,Technique
4207,Techn. en éduc. spéc.,Services administratifs et indirecte,Technique
4208,Techn. en travail social,Services administratifs et indirecte,Technique
4209,Techn. travaux pratiques,Services administratifs et indirecte,Technique
4210,N/A .....Tech.-interprete,Services administratifs et indirecte,Technique
4211,Techn. en administration,Services administratifs et indirecte,Technique
4212,Techn. audio-visuel,Services administratifs et indirecte,Technique
4213,Techn. en bâtiment,Services administratifs et indirecte,Technique
4214,Techn. en loisirs,Services administratifs et indirecte,Technique
4215,Techn. en organisat. scol,Services administratifs et indirecte,Technique
4216,Techn. en psychométrie,Services administratifs et indirecte,Technique
4217,Infirmier auxiliaire,Services administratifs et indirecte,Paratechnique
4218,Appariteur,Services administratifs et indirecte,Paratechnique
4219,Dessinateur,Services administratifs et indirecte,Technique
4221,Opérat. en imprimerie,Services administratifs et indirecte,Paratechnique
4222,Photographe,Services administratifs et indirecte,Technique
4223,Surveillant d'élèves,Services administratifs et indirecte,Paratechnique
4226,Surveillant sauveteur,Services administratifs et indirecte,Paratechnique
4227,Taxidermie,Services administratifs et indirecte,Technique
4228,Tech. en écriture braille,Services administratifs et indirecte,Technique
4229,Opér. imprimerie cl princ,Services administratifs et indirecte,Paratechnique
4230,Tech. interprète,Services administratifs et indirecte,Technique
4232,Opér. reprographie cl pri,Services administratifs et indirecte,Paratechnique
4233,Opér. en reprographie,Services administratifs et indirecte,Paratechnique
4276,Techn. en gest. aliment.,Services administratifs et indirecte,Technique
4277,Techn. en électronique,Services administratifs et indirecte,Technique
4278,Techn. en inform cl princ,Services administratifs et indirecte,Technique
4279,Techn. en arts graphiques,Services administratifs et indirecte,Technique
4280,Techn. transport scolaire,Services administratifs et indirecte,Technique
4281,Techn. en form. prof.,Services administratifs et indirecte,Technique
4282,Insp. en transport scol.,Services administratifs et indirecte,Paratechnique
4283,Relieur,Services administratifs et indirecte,Paratechnique
4284,Éduc. en milieu scolaire,Services administratifs et indirecte,Paratechnique
4285,Techn. en srv. de garde,Services administratifs et indirecte,Technique
4286,Préposé élève handicapé,Services administratifs et indirecte,Paratechnique
4288,Éduc. scol. cl. princ.,Services administratifs et indirecte,Paratechnique
4298,Autre soutien technique,Services administratifs et indirecte,Technique
4999,4*** création pour Web,Services administratifs et indirecte,
5000,Soutien,Services administratifs et indirecte,
5101,Briqueteur-maçon,Services administratifs et indirecte,Manuel
5102,Ebéniste,Services administratifs et indirecte,Manuel
5103,Électricien(ne) cl. princ,Services administratifs et indirecte,Manuel
5104,Electricien,Services administratifs et indirecte,Manuel
5105,Ferblantier-couvreur,Services administratifs et indirecte,Manuel
5106,Mécanicien classe I,Services administratifs et indirecte,Manuel
5107,Mécan. mach. fixes cl I,Services administratifs et indirecte,Manuel
5108,Mécan. mach. fixes cl II,Services administratifs et indirecte,Manuel
5109,Mécan. mach. fixes cl III,Services administratifs et indirecte,Manuel
5110,Mécan. mach. fixes cl IV,Services administratifs et indirecte,Manuel
5111,Mécan. mach. fixes cl V,Services administratifs et indirecte,Manuel
5112,Mécan. mach. fixes cl VI,Services administratifs et indirecte,Manuel
5114,Maître méc. en tuyauterie,Services administratifs et indirecte,Manuel
5115,Tuyauteur,Services administratifs et indirecte,Manuel
5116,Menuisier,Services administratifs et indirecte,Manuel
5117,Ouvrier cert. d'entretien,Services administratifs et indirecte,Manuel
5118,Peintre,Services administratifs et indirecte,Manuel
5119,Plâtrier,Services administratifs et indirecte,Manuel
5120,Serrurier,Services administratifs et indirecte,Manuel
5121,Soudeur,Services administratifs et indirecte,Manuel
5122,Méc. machine de bureau,Services administratifs et indirecte,Manuel
5125,Spéc. mécanique d'ajust.,Services administratifs et indirecte,Manuel
5126,Vitrier monteur-méc.,Services administratifs et indirecte,Manuel
5127,Préposé au serv. d'alarme,Services administratifs et indirecte,Manuel
5133,Appren. métier 1ere année,Services administratifs et indirecte,Manuel
5134,Appren. métier 2e année,Services administratifs et indirecte,Manuel
5135,Appren. métier 3e année,Services administratifs et indirecte,Manuel
5136,Appren. métier 4e année,Services administratifs et indirecte,Manuel
5137,Mécanicien classe II,Services administratifs et indirecte,Manuel
5198,Autre soutien qualifié,Services administratifs et indirecte,Manuel
5301,Concierge classe I,Services administratifs et indirecte,Manuel
5302,Concierge classe II,Services administratifs et indirecte,Manuel
5303,Concierge de nuit cl. I,Services administratifs et indirecte,Manuel
5304,Concierge de nuit cl. II,Services administratifs et indirecte,Manuel
5306,Aide général de cuisine,Services administratifs et indirecte,Manuel
5307,Buandier,Services administratifs et indirecte,Manuel
5308,Conducteur véhicule lourd,Services administratifs et indirecte,Manuel
5309,Aide cond. véhicule lourd,Services administratifs et indirecte,Manuel
5310,Conducteur véhicule léger,Services administratifs et indirecte,Manuel
5311,Cuisinier classe I,Services administratifs et indirecte,Manuel
5312,Cuisinier classe II,Services administratifs et indirecte,Manuel
5313,Cuisinier classe III,Services administratifs et indirecte,Manuel
5314,Pâtissier,Services administratifs et indirecte,Manuel
5315,Boucher,Services administratifs et indirecte,Manuel
5316,Gardien,Services administratifs et indirecte,Manuel
5317,Ouvrier entretien cl I,Services administratifs et indirecte,Manuel
5318,Ouvrier d'ent. classe II,Services administratifs et indirecte,Manuel
5319,Ouvrier entretien cl III,Services administratifs et indirecte,Manuel
5321,Jardinier,Services administratifs et indirecte,Manuel
5334,Aide de métier,Services administratifs et indirecte,Manuel
5335,Opér. chauff/frigorifique,Services administratifs et indirecte,Manuel
5398,Autre soutien entr. serv.,Services administratifs et indirecte,Manuel
5999,5*** création pour Web,Services administratifs et indirecte,
6001,Autre,Services administratifs et indirecte,
9104,Cons.péd. ext.,Services administratifs et indirecte,Professionnel
9107,Anim. ext.,Services administratifs et indirecte,
9108,Animateur pastor.,Services administratifs et indirecte,Professionnel
9120,Analyste,Services administratifs et indirecte,Professionnel
9200,Tuteur collégial,Soutien direct,
9500,Organisation d'évènements,Services administratifs et indirecte,
9600,Entraineur/activité,Soutien direct,
9700,Stagiaire,Soutien direct,
